{"count":1,"self":228.9742336,"total":2042.623234,"children":{"InitializeActuators":{"count":16,"self":0.00099899999999999989,"total":0.00099899999999999989,"children":null},"InitializeSensors":{"count":16,"self":0.0230287,"total":0.0230287,"children":null},"AgentSendState":{"count":60784,"self":1.1225821999999999,"total":477.6210809,"children":{"CollectObservations":{"count":194512,"self":0.1477057,"total":0.1477057,"children":null},"WriteActionMask":{"count":194512,"self":0.21898859999999998,"total":0.21898859999999998,"children":null},"RequestDecision":{"count":194512,"self":1.0182012,"total":476.13180439999996,"children":{"AgentInfo.ToProto":{"count":194512,"self":1.0243985,"total":475.1136032,"children":{"GenerateSensorData":{"count":194512,"self":8.5766616,"total":474.0892047,"children":{"CameraSensor.GetCompressedObservation":{"count":194512,"self":465.51255039999995,"total":465.5125432,"children":null}}}}}}}}},"DecideAction":{"count":60784,"self":1325.6807423999999,"total":1325.6807718,"children":null},"AgentAct":{"count":60784,"self":2.3166652,"total":2.3506039999999997,"children":{"AgentInfo.ToProto":{"count":16,"self":0,"total":0.0339389,"children":{"GenerateSensorData":{"count":16,"self":0,"total":0.0339389,"children":{"CameraSensor.GetCompressedObservation":{"count":16,"self":0.0339389,"total":0.0339389,"children":null}}}}}}},"AgentInfo.ToProto":{"count":2631,"self":0.022937799999999998,"total":7.9715086999999993,"children":{"GenerateSensorData":{"count":2631,"self":0.1332389,"total":7.9485709,"children":{"CameraSensor.GetCompressedObservation":{"count":2631,"self":7.815332,"total":7.815332,"children":null}}}}}},"gauges":{"MummyCamera.CumulativeReward":{"count":2647,"max":10.5370855,"min":-3.7120347,"runningAverage":0.336270869,"value":-0.008799553,"weightedAverage":1.07897019}},"metadata":{"timer_format_version":"0.1.0","start_time_seconds":"1629174579","unity_version":"2020.3.11f1","command_line_arguments":"C:\\Program Files\\Unity\\Hub\\Editor\\2020.3.11f1\\Editor\\Unity.exe -projectpath D:\/Github\/Mummy -useHub -hubIPC -cloudEnvironment production -hubSessionId a824dd50-feeb-11eb-8008-bb3f50afea59 -accessToken feWpF2CoZZfzsNjFlIDwAvmchIOETVbFRd0qhf2Zdes00df","communication_protocol_version":"1.5.0","com.unity.ml-agents_version":"2.1.0-exp.1","scene_name":"MummyRay","end_time_seconds":"1629176622"}}